seed_a,seed_b,spearman_rho,p,n_cells
0,1,0.9950111475798633,4.63683181245232e-150,150
0,2,0.9949551295541009,1.057294002844986e-149,150
1,2,0.9960876626731234,7.435875689135255e-158,150
